<?xml version="1.0" encoding="UTF-8"?>
<configenv>
<datasource>
<dburl>jdbc:mysql://localhost:3306/</dburl>
<dbname>clock</dbname>
<username>root</username>
<password>jerry</password>

<testdburl>jdbc:mysql://localhost:3306/</testdburl>
<testdbname>clock_test</testdbname>
<testusername>root</testusername>
<testpassword>jerry</testpassword>

<isnottest>true</isnottest>
<isproductprotectlockoffline>true</isproductprotectlockoffline>
<istestsuiteoffline>false</istestsuiteoffline>
<isgpinterfaceoffline>false</isgpinterfaceoffline>

</datasource>
</configenv>